feature_name,feature_group,nonmissing_rows,missing_rows,missing_fraction,nunique_nonmissing,status
len_token_count,len,4205,0,0.0,724,varies
len_type_count,len,4205,0,0.0,406,varies
len_utterance_count,len,4205,0,0.0,205,varies
len_mean_utterance_length,len,4205,0,0.0,1880,varies
len_std_utterance_length,len,4205,0,0.0,3175,varies
len_tokens_per_utterance,len,4205,0,0.0,1821,varies
len_syllable_count,len,4205,0,0.0,849,varies
lex_type_token_ratio,lex,4205,0,0.0,2311,varies
lex_lemma_type_token_ratio,lex,4205,0,0.0,2311,varies
lex_mattr_10,lex,4205,0,0.0,3360,varies
lex_mattr_20,lex,4205,0,0.0,3769,varies
lex_hapax_ratio,lex,4205,0,0.0,2488,varies
lex_repetition_rate,lex,4205,0,0.0,2311,varies
lex_mean_token_length,lex,4205,0,0.0,3495,varies
lex_std_token_length,lex,4205,0,0.0,4140,varies
lex_function_word_ratio,lex,4205,0,0.0,1575,varies
lex_content_word_ratio,lex,4205,0,0.0,1507,varies
lex_brunet,lex,4205,0,0.0,3005,varies
lex_honore,lex,4176,29,0.006896551724137931,3806,varies
pause_filled_count,pause,4205,0,0.0,25,varies
pause_filled_per_100_words,pause,4205,0,0.0,485,varies
disc_repeated_unigram_ratio,disc,4205,0,0.0,2311,varies
disc_repeated_bigram_ratio,disc,4205,0,0.0,1824,varies
disc_repeated_trigram_ratio,disc,4205,0,0.0,1375,varies
disc_immediate_repetition_count,disc,4205,0,0.0,28,varies
syn_noun_ratio,syn,4205,0,0.0,1426,varies
syn_verb_ratio,syn,4205,0,0.0,1358,varies
syn_adj_ratio,syn,4205,0,0.0,995,varies
syn_adv_ratio,syn,4205,0,0.0,1095,varies
syn_adp_ratio,syn,4205,0,0.0,1192,varies
syn_aux_ratio,syn,4205,0,0.0,1124,varies
syn_pronoun_ratio,syn,4205,0,0.0,1285,varies
syn_determiner_ratio,syn,4205,0,0.0,1351,varies
syn_cconj_ratio,syn,4205,0,0.0,921,varies
syn_sconj_ratio,syn,4205,0,0.0,940,varies
syn_interjection_ratio,syn,4205,0,0.0,709,varies
syn_propn_ratio,syn,4205,0,0.0,810,varies
syn_part_ratio,syn,4205,0,0.0,1101,varies
syn_num_ratio,syn,4205,0,0.0,952,varies
syn_noun_verb_ratio,syn,2573,1632,0.38810939357907254,1039,varies
syn_pronoun_noun_ratio,syn,2583,1622,0.385731272294887,923,varies
syn_determiner_noun_ratio,syn,2583,1622,0.385731272294887,857,varies
syn_aux_verb_ratio,syn,2571,1634,0.38858501783590965,653,varies
syn_content_function_ratio,syn,2587,1618,0.38478002378121284,1485,varies
syn_open_closed_ratio,syn,2587,1618,0.38478002378121284,1471,varies
syn_clause_density,syn,4205,0,0.0,834,varies
syn_subordination_ratio,syn,4205,0,0.0,708,varies
syn_nsubj_ratio,syn,2596,1609,0.3826397146254459,1234,varies
syn_obj_ratio,syn,2596,1609,0.3826397146254459,1181,varies
syn_obl_ratio,syn,2596,1609,0.3826397146254459,1029,varies
syn_advmod_ratio,syn,2596,1609,0.3826397146254459,1148,varies
syn_amod_ratio,syn,2596,1609,0.3826397146254459,890,varies
syn_mean_dependency_length,syn,2596,1609,0.3826397146254459,2199,varies
syn_std_dependency_length,syn,2596,1609,0.3826397146254459,2569,varies
syn_max_dependency_length,syn,2596,1609,0.3826397146254459,138,varies
syn_mean_tree_depth,syn,2596,1609,0.3826397146254459,2300,varies
syn_max_tree_depth,syn,2596,1609,0.3826397146254459,46,varies
syn_mean_utterance_length_words,syn,4205,0,0.0,1880,varies
syn_utterance_count,syn,4205,0,0.0,205,varies
disc_adjacent_utterance_similarity_mean,disc,3578,627,0.14910820451843043,3376,varies
disc_adjacent_utterance_similarity_std,disc,3578,627,0.14910820451843043,3212,varies
disc_mean_pairwise_utt_similarity,disc,3578,627,0.14910820451843043,3412,varies
disc_semantic_drift,disc,3578,627,0.14910820451843043,3376,varies
disc_local_coherence,disc,3578,627,0.14910820451843043,3376,varies
graph_node_count,graph,4205,0,0.0,406,varies
graph_edge_count,graph,4205,0,0.0,667,varies
graph_density,graph,4204,1,0.00023781212841854935,2610,varies
graph_self_loop_ratio,graph,4205,0,0.0,656,varies
graph_average_degree,graph,4205,0,0.0,2028,varies
ac_egemaps_f0semitonefrom27_5hz_sma3nz_amean,ac,1185,3020,0.718192627824019,1184,varies
ac_egemaps_f0semitonefrom27_5hz_sma3nz_stddevnorm,ac,1185,3020,0.718192627824019,1185,varies
ac_egemaps_f0semitonefrom27_5hz_sma3nz_percentile20_0,ac,1185,3020,0.718192627824019,1185,varies
ac_egemaps_f0semitonefrom27_5hz_sma3nz_percentile50_0,ac,1185,3020,0.718192627824019,1185,varies
ac_egemaps_f0semitonefrom27_5hz_sma3nz_percentile80_0,ac,1185,3020,0.718192627824019,1185,varies
ac_egemaps_f0semitonefrom27_5hz_sma3nz_pctlrange0_2,ac,1185,3020,0.718192627824019,1185,varies
ac_egemaps_f0semitonefrom27_5hz_sma3nz_meanrisingslope,ac,1185,3020,0.718192627824019,1185,varies
ac_egemaps_f0semitonefrom27_5hz_sma3nz_stddevrisingslope,ac,1185,3020,0.718192627824019,1185,varies
ac_egemaps_f0semitonefrom27_5hz_sma3nz_meanfallingslope,ac,1185,3020,0.718192627824019,1185,varies
ac_egemaps_f0semitonefrom27_5hz_sma3nz_stddevfallingslope,ac,1185,3020,0.718192627824019,1185,varies
ac_egemaps_loudness_sma3_amean,ac,1185,3020,0.718192627824019,1184,varies
ac_egemaps_loudness_sma3_stddevnorm,ac,1185,3020,0.718192627824019,1185,varies
ac_egemaps_loudness_sma3_percentile20_0,ac,1185,3020,0.718192627824019,1182,varies
ac_egemaps_loudness_sma3_percentile50_0,ac,1185,3020,0.718192627824019,1185,varies
ac_egemaps_loudness_sma3_percentile80_0,ac,1185,3020,0.718192627824019,1185,varies
ac_egemaps_loudness_sma3_pctlrange0_2,ac,1185,3020,0.718192627824019,1185,varies
ac_egemaps_loudness_sma3_meanrisingslope,ac,1185,3020,0.718192627824019,1185,varies
ac_egemaps_loudness_sma3_stddevrisingslope,ac,1185,3020,0.718192627824019,1185,varies
ac_egemaps_loudness_sma3_meanfallingslope,ac,1185,3020,0.718192627824019,1185,varies
ac_egemaps_loudness_sma3_stddevfallingslope,ac,1185,3020,0.718192627824019,1185,varies
ac_egemaps_spectralflux_sma3_amean,ac,1185,3020,0.718192627824019,1185,varies
ac_egemaps_spectralflux_sma3_stddevnorm,ac,1185,3020,0.718192627824019,1185,varies
ac_egemaps_mfcc1_sma3_amean,ac,1185,3020,0.718192627824019,1185,varies
ac_egemaps_mfcc1_sma3_stddevnorm,ac,1185,3020,0.718192627824019,1185,varies
ac_egemaps_mfcc2_sma3_amean,ac,1185,3020,0.718192627824019,1185,varies
ac_egemaps_mfcc2_sma3_stddevnorm,ac,1185,3020,0.718192627824019,1185,varies
ac_egemaps_mfcc3_sma3_amean,ac,1185,3020,0.718192627824019,1185,varies
ac_egemaps_mfcc3_sma3_stddevnorm,ac,1185,3020,0.718192627824019,1185,varies
ac_egemaps_mfcc4_sma3_amean,ac,1185,3020,0.718192627824019,1185,varies
ac_egemaps_mfcc4_sma3_stddevnorm,ac,1185,3020,0.718192627824019,1185,varies
ac_egemaps_jitterlocal_sma3nz_amean,ac,1185,3020,0.718192627824019,1185,varies
ac_egemaps_jitterlocal_sma3nz_stddevnorm,ac,1185,3020,0.718192627824019,1185,varies
ac_egemaps_shimmerlocaldb_sma3nz_amean,ac,1185,3020,0.718192627824019,1185,varies
ac_egemaps_shimmerlocaldb_sma3nz_stddevnorm,ac,1185,3020,0.718192627824019,1184,varies
ac_egemaps_hnrdbacf_sma3nz_amean,ac,1185,3020,0.718192627824019,1185,varies
ac_egemaps_hnrdbacf_sma3nz_stddevnorm,ac,1185,3020,0.718192627824019,1185,varies
ac_egemaps_logrelf0_h1_h2_sma3nz_amean,ac,1185,3020,0.718192627824019,1185,varies
ac_egemaps_logrelf0_h1_h2_sma3nz_stddevnorm,ac,1185,3020,0.718192627824019,1185,varies
ac_egemaps_logrelf0_h1_a3_sma3nz_amean,ac,1185,3020,0.718192627824019,1185,varies
ac_egemaps_logrelf0_h1_a3_sma3nz_stddevnorm,ac,1185,3020,0.718192627824019,1185,varies
ac_egemaps_f1frequency_sma3nz_amean,ac,1185,3020,0.718192627824019,1185,varies
ac_egemaps_f1frequency_sma3nz_stddevnorm,ac,1185,3020,0.718192627824019,1185,varies
ac_egemaps_f1bandwidth_sma3nz_amean,ac,1185,3020,0.718192627824019,1185,varies
ac_egemaps_f1bandwidth_sma3nz_stddevnorm,ac,1185,3020,0.718192627824019,1185,varies
ac_egemaps_f1amplitudelogrelf0_sma3nz_amean,ac,1185,3020,0.718192627824019,1185,varies
ac_egemaps_f1amplitudelogrelf0_sma3nz_stddevnorm,ac,1185,3020,0.718192627824019,1185,varies
ac_egemaps_f2frequency_sma3nz_amean,ac,1185,3020,0.718192627824019,1185,varies
ac_egemaps_f2frequency_sma3nz_stddevnorm,ac,1185,3020,0.718192627824019,1185,varies
ac_egemaps_f2bandwidth_sma3nz_amean,ac,1185,3020,0.718192627824019,1184,varies
ac_egemaps_f2bandwidth_sma3nz_stddevnorm,ac,1185,3020,0.718192627824019,1185,varies
ac_egemaps_f2amplitudelogrelf0_sma3nz_amean,ac,1185,3020,0.718192627824019,1185,varies
ac_egemaps_f2amplitudelogrelf0_sma3nz_stddevnorm,ac,1185,3020,0.718192627824019,1185,varies
ac_egemaps_f3frequency_sma3nz_amean,ac,1185,3020,0.718192627824019,1185,varies
ac_egemaps_f3frequency_sma3nz_stddevnorm,ac,1185,3020,0.718192627824019,1185,varies
ac_egemaps_f3bandwidth_sma3nz_amean,ac,1185,3020,0.718192627824019,1185,varies
ac_egemaps_f3bandwidth_sma3nz_stddevnorm,ac,1185,3020,0.718192627824019,1185,varies
ac_egemaps_f3amplitudelogrelf0_sma3nz_amean,ac,1185,3020,0.718192627824019,1185,varies
ac_egemaps_f3amplitudelogrelf0_sma3nz_stddevnorm,ac,1185,3020,0.718192627824019,1185,varies
ac_egemaps_alpharatiov_sma3nz_amean,ac,1185,3020,0.718192627824019,1185,varies
ac_egemaps_alpharatiov_sma3nz_stddevnorm,ac,1185,3020,0.718192627824019,1185,varies
ac_egemaps_hammarbergindexv_sma3nz_amean,ac,1185,3020,0.718192627824019,1185,varies
ac_egemaps_hammarbergindexv_sma3nz_stddevnorm,ac,1185,3020,0.718192627824019,1185,varies
ac_egemaps_slopev0_500_sma3nz_amean,ac,1185,3020,0.718192627824019,1185,varies
ac_egemaps_slopev0_500_sma3nz_stddevnorm,ac,1185,3020,0.718192627824019,1185,varies
ac_egemaps_slopev500_1500_sma3nz_amean,ac,1185,3020,0.718192627824019,1185,varies
ac_egemaps_slopev500_1500_sma3nz_stddevnorm,ac,1185,3020,0.718192627824019,1185,varies
ac_egemaps_spectralfluxv_sma3nz_amean,ac,1185,3020,0.718192627824019,1185,varies
ac_egemaps_spectralfluxv_sma3nz_stddevnorm,ac,1185,3020,0.718192627824019,1185,varies
ac_egemaps_mfcc1v_sma3nz_amean,ac,1185,3020,0.718192627824019,1185,varies
ac_egemaps_mfcc1v_sma3nz_stddevnorm,ac,1185,3020,0.718192627824019,1185,varies
ac_egemaps_mfcc2v_sma3nz_amean,ac,1185,3020,0.718192627824019,1185,varies
ac_egemaps_mfcc2v_sma3nz_stddevnorm,ac,1185,3020,0.718192627824019,1185,varies
ac_egemaps_mfcc3v_sma3nz_amean,ac,1185,3020,0.718192627824019,1185,varies
ac_egemaps_mfcc3v_sma3nz_stddevnorm,ac,1185,3020,0.718192627824019,1185,varies
ac_egemaps_mfcc4v_sma3nz_amean,ac,1185,3020,0.718192627824019,1185,varies
ac_egemaps_mfcc4v_sma3nz_stddevnorm,ac,1185,3020,0.718192627824019,1185,varies
ac_egemaps_alpharatiouv_sma3nz_amean,ac,1185,3020,0.718192627824019,1185,varies
ac_egemaps_hammarbergindexuv_sma3nz_amean,ac,1185,3020,0.718192627824019,1185,varies
ac_egemaps_slopeuv0_500_sma3nz_amean,ac,1185,3020,0.718192627824019,1185,varies
ac_egemaps_slopeuv500_1500_sma3nz_amean,ac,1185,3020,0.718192627824019,1185,varies
ac_egemaps_spectralfluxuv_sma3nz_amean,ac,1185,3020,0.718192627824019,1185,varies
ac_egemaps_loudnesspeakspersec,ac,1185,3020,0.718192627824019,1041,varies
ac_egemaps_voicedsegmentspersec,ac,1185,3020,0.718192627824019,1093,varies
ac_egemaps_meanvoicedsegmentlengthsec,ac,1185,3020,0.718192627824019,1178,varies
ac_egemaps_stddevvoicedsegmentlengthsec,ac,1185,3020,0.718192627824019,1185,varies
ac_egemaps_meanunvoicedsegmentlength,ac,1185,3020,0.718192627824019,1176,varies
ac_egemaps_stddevunvoicedsegmentlength,ac,1185,3020,0.718192627824019,1184,varies
ac_egemaps_equivalentsoundlevel_dbp,ac,1185,3020,0.718192627824019,1185,varies
ac_duration,ac,1185,3020,0.718192627824019,865,varies
ac_rms_mean,ac,1185,3020,0.718192627824019,1185,varies
ac_rms_std,ac,1185,3020,0.718192627824019,1185,varies
ac_zcr_mean,ac,1185,3020,0.718192627824019,1185,varies
ac_zcr_std,ac,1185,3020,0.718192627824019,1185,varies
ac_f0_mean,ac,1185,3020,0.718192627824019,1185,varies
ac_f0_std,ac,1185,3020,0.718192627824019,1185,varies
ac_mfcc_1_mean,ac,1185,3020,0.718192627824019,1185,varies
ac_mfcc_1_std,ac,1185,3020,0.718192627824019,1185,varies
ac_mfcc_2_mean,ac,1185,3020,0.718192627824019,1185,varies
ac_mfcc_2_std,ac,1185,3020,0.718192627824019,1185,varies
ac_mfcc_3_mean,ac,1185,3020,0.718192627824019,1185,varies
ac_mfcc_3_std,ac,1185,3020,0.718192627824019,1185,varies
ac_mfcc_4_mean,ac,1185,3020,0.718192627824019,1185,varies
ac_mfcc_4_std,ac,1185,3020,0.718192627824019,1185,varies
ac_mfcc_5_mean,ac,1185,3020,0.718192627824019,1185,varies
ac_mfcc_5_std,ac,1185,3020,0.718192627824019,1185,varies
pause_short_count,pause,1351,2854,0.6787158145065398,39,varies
pause_medium_count,pause,1351,2854,0.6787158145065398,34,varies
pause_long_count,pause,1351,2854,0.6787158145065398,33,varies
pause_total_duration,pause,1351,2854,0.6787158145065398,833,varies
pause_mean_duration,pause,1351,2854,0.6787158145065398,947,varies
pause_median_duration,pause,1351,2854,0.6787158145065398,230,varies
pause_std_duration,pause,1351,2854,0.6787158145065398,983,varies
pause_iqr_duration,pause,1351,2854,0.6787158145065398,382,varies
len_audio_duration,len,1351,2854,0.6787158145065398,1028,varies
len_speech_duration,len,1351,2854,0.6787158145065398,1251,varies
pause_silence_ratio,pause,1351,2854,0.6787158145065398,983,varies
pause_speaking_to_total_ratio,pause,1351,2854,0.6787158145065398,983,varies
len_tokens_per_second,len,1351,2854,0.6787158145065398,1205,varies
len_syllables_per_second,len,1351,2854,0.6787158145065398,1205,varies
pause_pause_to_word_ratio,pause,4205,0,0.0,736,varies
pause_long_ratio,pause,949,3256,0.7743162901307967,252,varies
pause_to_speech_ratio,pause,1351,2854,0.6787158145065398,985,varies
pause_speech_rate_words_per_second,pause,1351,2854,0.6787158145065398,1205,varies
pause_articulation_rate_words_per_speaking_second,pause,1351,2854,0.6787158145065398,1344,varies
pd_unique_units_count,pd,2555,1650,0.3923900118906064,19,varies
pd_unique_units_ratio,pd,2555,1650,0.3923900118906064,38,varies
pd_total_unit_mentions,pd,2555,1650,0.3923900118906064,53,varies
pd_content_density,pd,2555,1650,0.3923900118906064,1363,varies
pd_object_units_ratio,pd,2510,1695,0.40309155766944116,188,varies
pd_action_units_ratio,pd,2510,1695,0.40309155766944116,188,varies
pd_keyword_to_nonkeyword_ratio,pd,2555,1650,0.3923900118906064,1363,varies
pd_repeated_content_unit_ratio,pd,2510,1695,0.40309155766944116,189,varies
pd_semantic_similarity_to_unit_list,pd,2555,1650,0.3923900118906064,2473,varies
pd_num_unique_keywords,pd,2555,1650,0.3923900118906064,62,varies
pd_num_total_keywords,pd,2555,1650,0.3923900118906064,53,varies
pd_unique_unit_density,pd,2555,1650,0.3923900118906064,1150,varies
pd_total_unit_density,pd,2555,1650,0.3923900118906064,1363,varies
pd_unique_unit_efficiency,pd,600,3605,0.8573127229488704,558,varies
pd_total_unit_efficiency,pd,600,3605,0.8573127229488704,559,varies
pd_percentage_units_mentioned,pd,2555,1650,0.3923900118906064,38,varies
pd_keyword_ttr,pd,2510,1695,0.40309155766944116,538,varies
pd_mean_utterance_to_unit_similarity,pd,2555,1650,0.3923900118906064,2496,varies
pd_global_prompt_coherence,pd,2555,1650,0.3923900118906064,2477,varies
pd_detected_prompt_score,pd,2555,1650,0.3923900118906064,112,varies
rd_reference_token_coverage,rd,356,3849,0.9153388822829964,27,varies
rd_reference_bigram_coverage,rd,356,3849,0.9153388822829964,34,varies
rd_prompt_similarity,rd,356,3849,0.9153388822829964,323,varies
rd_sequence_match_ratio,rd,356,3849,0.9153388822829964,200,varies
rd_reference_order_score,rd,356,3849,0.9153388822829964,36,varies
rd_omission_ratio,rd,356,3849,0.9153388822829964,27,varies
rd_insertion_ratio,rd,356,3849,0.9153388822829964,137,varies
rd_repetition_ratio,rd,356,3849,0.9153388822829964,160,varies
rd_pause_per_reference_token,rd,0,4205,1.0,0,all_missing
rd_content_word_recall_ratio,rd,356,3849,0.9153388822829964,23,varies
sr_propositions_recalled_count,sr,50,4155,0.9881093935790726,8,varies
sr_propositions_recalled_ratio,sr,50,4155,0.9881093935790726,8,varies
sr_key_event_coverage,sr,50,4155,0.9881093935790726,7,varies
sr_event_order_score,sr,50,4155,0.9881093935790726,18,varies
sr_intrusion_count,sr,50,4155,0.9881093935790726,30,varies
sr_semantic_similarity_to_reference_story,sr,50,4155,0.9881093935790726,42,varies
sr_repetition_rate,sr,50,4155,0.9881093935790726,42,varies
sr_content_density,sr,50,4155,0.9881093935790726,35,varies
ft_item_count,ft,5,4200,0.9988109393579072,4,varies
ft_unique_item_count,ft,5,4200,0.9988109393579072,4,varies
ft_repetition_count,ft,5,4200,0.9988109393579072,4,varies
ft_intrusion_count,ft,5,4200,0.9988109393579072,3,varies
ft_valid_item_count,ft,5,4200,0.9988109393579072,3,varies
ft_valid_item_ratio,ft,5,4200,0.9988109393579072,4,varies
ft_items_per_second,ft,5,4200,0.9988109393579072,5,varies
ft_mean_cluster_size,ft,5,4200,0.9988109393579072,4,varies
ft_letter_valid_count,ft,5,4200,0.9988109393579072,3,varies
ft_letter_violation_count,ft,5,4200,0.9988109393579072,3,varies
fc_topic_coherence,fc,27,4178,0.9935790725326992,27,varies
fc_topic_switch_rate,fc,27,4178,0.9935790725326992,26,varies
fc_embedding_dispersion,fc,27,4178,0.9935790725326992,27,varies
fc_named_entity_density,fc,27,4178,0.9935790725326992,27,varies
fc_repetition_rate,fc,27,4178,0.9935790725326992,27,varies
fc_mean_utterance_similarity,fc,27,4178,0.9935790725326992,27,varies
fc_first_last_similarity,fc,27,4178,0.9935790725326992,13,varies
fc_topic_return_ratio,fc,27,4178,0.9935790725326992,27,varies
cmd_token_count,cmd,100,4105,0.976218787158145,58,varies
cmd_unique_token_ratio,cmd,100,4105,0.976218787158145,93,varies
cmd_utterance_count,cmd,100,4105,0.976218787158145,19,varies
cmd_mean_utterance_length,cmd,100,4105,0.976218787158145,92,varies
cmd_device_keyword_ratio,cmd,100,4105,0.976218787158145,79,varies
cmd_request_marker_ratio,cmd,100,4105,0.976218787158145,11,varies
cmd_action_verb_ratio,cmd,100,4105,0.976218787158145,81,varies
cmd_repetition_rate,cmd,100,4105,0.976218787158145,77,varies
cmd_duration_per_token,cmd,0,4205,1.0,0,all_missing
rep_token_count,rep,57,4148,0.9864447086801427,35,varies
rep_unique_token_ratio,rep,57,4148,0.9864447086801427,48,varies
rep_immediate_repetition_count,rep,57,4148,0.9864447086801427,3,varies
rep_repetition_rate,rep,57,4148,0.9864447086801427,48,varies
rep_bigram_repetition_rate,rep,57,4148,0.9864447086801427,41,varies
rep_sequence_match_to_reference,rep,57,4148,0.9864447086801427,50,varies
rep_reference_token_coverage,rep,57,4148,0.9864447086801427,20,varies
rep_duration_per_token,rep,57,4148,0.9864447086801427,57,varies
ms_token_count,ms,22,4183,0.994768133174792,17,varies
ms_target_syllable_count,ms,22,4183,0.994768133174792,17,varies
ms_target_syllable_ratio,ms,22,4183,0.994768133174792,20,varies
ms_alternation_switch_count,ms,22,4183,0.994768133174792,16,varies
ms_unique_syllable_ratio,ms,22,4183,0.994768133174792,17,varies
ms_repetition_rate,ms,22,4183,0.994768133174792,14,varies
ms_tokens_per_second,ms,22,4183,0.994768133174792,22,varies
ms_target_syllables_per_second,ms,22,4183,0.994768133174792,22,varies
na_utterance_count,na,409,3796,0.9027348394768133,167,varies
na_mean_utterance_length,na,409,3796,0.9027348394768133,403,varies
na_temporal_marker_density,na,409,3796,0.9027348394768133,398,varies
na_causal_marker_density,na,409,3796,0.9027348394768133,402,varies
na_first_person_ratio,na,409,3796,0.9027348394768133,403,varies
na_procedural_marker_density,na,409,3796,0.9027348394768133,397,varies
na_topic_coherence,na,409,3796,0.9027348394768133,409,varies
na_topic_switch_rate,na,409,3796,0.9027348394768133,316,varies
na_repetition_rate,na,409,3796,0.9027348394768133,409,varies
pr_np_count,pr,4198,7,0.0016646848989298453,310,varies
pr_vp_count,pr,4198,7,0.0016646848989298453,243,varies
pr_pp_count,pr,4198,7,0.0016646848989298453,202,varies
pr_adjp_count,pr,4198,7,0.0016646848989298453,41,varies
pr_advp_count,pr,4198,7,0.0016646848989298453,101,varies
pr_np_ratio,pr,4198,7,0.0016646848989298453,1223,varies
pr_vp_ratio,pr,4198,7,0.0016646848989298453,1099,varies
pr_pp_ratio,pr,4198,7,0.0016646848989298453,1196,varies
pr_adjp_ratio,pr,4198,7,0.0016646848989298453,703,varies
pr_advp_ratio,pr,4198,7,0.0016646848989298453,842,varies
pr_np_mean_len,pr,4194,11,0.002615933412604043,1229,varies
pr_vp_mean_len,pr,4177,28,0.006658739595719381,850,varies
pr_pp_mean_len,pr,3917,288,0.06848989298454221,715,varies
pr_adjp_mean_len,pr,2521,1684,0.4004756242568371,47,varies
pr_advp_mean_len,pr,3288,917,0.21807372175980974,220,varies
pr_np_rate,pr,4198,7,0.0016646848989298453,969,varies
pr_vp_rate,pr,4198,7,0.0016646848989298453,873,varies
pr_pp_rate,pr,4198,7,0.0016646848989298453,747,varies
pr_adjp_rate,pr,4198,7,0.0016646848989298453,439,varies
pr_advp_rate,pr,4198,7,0.0016646848989298453,555,varies
pr_chunk_density,pr,4198,7,0.0016646848989298453,1971,varies
pr_chunk_diversity,pr,4198,7,0.0016646848989298453,632,varies
pr_det_noun_ratio,pr,4205,0,0.0,1770,varies
pr_adj_noun_ratio,pr,4205,0,0.0,1004,varies
pr_pron_verb_ratio,pr,4205,0,0.0,1314,varies
pr_noun_verb_ratio,pr,4205,0,0.0,1229,varies
pr_verb_det_ratio,pr,4205,0,0.0,1155,varies
pr_adp_noun_ratio,pr,4205,0,0.0,883,varies
pr_aux_verb_ratio,pr,4205,0,0.0,1252,varies
pr_verb_adv_ratio,pr,4205,0,0.0,847,varies
pr_adv_verb_ratio,pr,4205,0,0.0,930,varies
pr_noun_adp_ratio,pr,4205,0,0.0,1275,varies
pr_verb_pron_ratio,pr,4205,0,0.0,1097,varies
pr_cconj_pron_ratio,pr,4205,0,0.0,1000,varies
pr_sconj_pron_ratio,pr,4205,0,0.0,791,varies
pr_adp_det_ratio,pr,4205,0,0.0,1336,varies
pr_det_adj_ratio,pr,4205,0,0.0,922,varies
pr_det_adj_noun_ratio,pr,4199,6,0.001426872770511296,831,varies
pr_det_noun_verb_ratio,pr,4199,6,0.001426872770511296,902,varies
pr_pron_aux_verb_ratio,pr,4199,6,0.001426872770511296,964,varies
pr_pron_verb_det_ratio,pr,4199,6,0.001426872770511296,852,varies
pr_adp_det_noun_ratio,pr,4199,6,0.001426872770511296,1295,varies
pr_noun_aux_verb_ratio,pr,4199,6,0.001426872770511296,993,varies
pr_root_verb_ratio,pr,4205,0,0.0,341,varies
pr_root_noun_ratio,pr,4205,0,0.0,288,varies
pr_root_pron_ratio,pr,4205,0,0.0,454,varies
pr_root_adj_ratio,pr,4205,0,0.0,185,varies
sx_sentence_length_q25,sx,4205,0,0.0,346,varies
sx_sentence_length_q50,sx,4205,0,0.0,269,varies
sx_sentence_length_q75,sx,4205,0,0.0,417,varies
sx_sentence_length_cv,sx,4205,0,0.0,3622,varies
sx_dep_length_q25,sx,4205,0,0.0,8,varies
sx_dep_length_q50,sx,4205,0,0.0,13,varies
sx_dep_length_q75,sx,4205,0,0.0,41,varies
sx_tree_depth_std,sx,4205,0,0.0,4157,varies
sx_tree_depth_q75,sx,4205,0,0.0,68,varies
sx_upos_entropy,sx,4205,0,0.0,4164,varies
sx_dep_entropy,sx,4205,0,0.0,4172,varies
sx_clause_per_100_tokens,sx,4205,0,0.0,2049,varies
sx_coordination_density,sx,4205,0,0.0,1752,varies
sx_modifier_density,sx,4205,0,0.0,1665,varies
sx_nominal_density,sx,4205,0,0.0,2089,varies
sx_verbal_density,sx,4205,0,0.0,2049,varies
sx_np_like_ratio,sx,4205,0,0.0,2261,varies
sx_pp_like_ratio,sx,4205,0,0.0,1667,varies
sx_vp_like_ratio,sx,4205,0,0.0,2168,varies
sx_subject_object_balance,sx,4205,0,0.0,1867,varies
sx_function_word_ratio_lexicon,sx,4205,0,0.0,2411,varies
sx_content_word_ratio_lexicon,sx,4205,0,0.0,2411,varies
sx_mean_log_lemma_freq,sx,4205,0,0.0,4187,varies
sx_std_log_lemma_freq,sx,4205,0,0.0,4186,varies
sx_rare_lemma_ratio,sx,4205,0,0.0,2037,varies
sx_very_rare_lemma_ratio,sx,4205,0,0.0,1472,varies
sx_adjacent_similarity_min,sx,3787,418,0.09940546967895363,1000,varies
sx_adjacent_similarity_max,sx,3787,418,0.09940546967895363,3498,varies
sx_pairwise_similarity_std,sx,3787,418,0.09940546967895363,3401,varies
sx_low_similarity_frac_05,sx,3787,418,0.09940546967895363,509,varies
sx_low_similarity_frac_03,sx,3787,418,0.09940546967895363,713,varies
par_mfcc_1_mean,par,1185,3020,0.718192627824019,1185,varies
par_mfcc_1_std,par,1185,3020,0.718192627824019,1185,varies
par_mfcc_1_skew,par,1185,3020,0.718192627824019,1185,varies
par_mfcc_1_kurtosis,par,1185,3020,0.718192627824019,1185,varies
par_delta_mfcc_1_mean,par,1185,3020,0.718192627824019,1185,varies
par_delta_mfcc_1_std,par,1185,3020,0.718192627824019,1185,varies
par_mfcc_2_mean,par,1185,3020,0.718192627824019,1185,varies
par_mfcc_2_std,par,1185,3020,0.718192627824019,1185,varies
par_mfcc_2_skew,par,1185,3020,0.718192627824019,1185,varies
par_mfcc_2_kurtosis,par,1185,3020,0.718192627824019,1185,varies
par_delta_mfcc_2_mean,par,1185,3020,0.718192627824019,1185,varies
par_delta_mfcc_2_std,par,1185,3020,0.718192627824019,1185,varies
par_mfcc_3_mean,par,1185,3020,0.718192627824019,1185,varies
par_mfcc_3_std,par,1185,3020,0.718192627824019,1185,varies
par_mfcc_3_skew,par,1185,3020,0.718192627824019,1185,varies
par_mfcc_3_kurtosis,par,1185,3020,0.718192627824019,1185,varies
par_delta_mfcc_3_mean,par,1185,3020,0.718192627824019,1185,varies
par_delta_mfcc_3_std,par,1185,3020,0.718192627824019,1185,varies
par_mfcc_4_mean,par,1185,3020,0.718192627824019,1185,varies
par_mfcc_4_std,par,1185,3020,0.718192627824019,1185,varies
par_mfcc_4_skew,par,1185,3020,0.718192627824019,1185,varies
par_mfcc_4_kurtosis,par,1185,3020,0.718192627824019,1185,varies
par_delta_mfcc_4_mean,par,1185,3020,0.718192627824019,1185,varies
par_delta_mfcc_4_std,par,1185,3020,0.718192627824019,1185,varies
par_mfcc_5_mean,par,1185,3020,0.718192627824019,1185,varies
par_mfcc_5_std,par,1185,3020,0.718192627824019,1185,varies
par_mfcc_5_skew,par,1185,3020,0.718192627824019,1185,varies
par_mfcc_5_kurtosis,par,1185,3020,0.718192627824019,1185,varies
par_delta_mfcc_5_mean,par,1185,3020,0.718192627824019,1185,varies
par_delta_mfcc_5_std,par,1185,3020,0.718192627824019,1185,varies
par_mfcc_6_mean,par,1185,3020,0.718192627824019,1185,varies
par_mfcc_6_std,par,1185,3020,0.718192627824019,1185,varies
par_mfcc_6_skew,par,1185,3020,0.718192627824019,1185,varies
par_mfcc_6_kurtosis,par,1185,3020,0.718192627824019,1185,varies
par_delta_mfcc_6_mean,par,1185,3020,0.718192627824019,1185,varies
par_delta_mfcc_6_std,par,1185,3020,0.718192627824019,1185,varies
par_mfcc_7_mean,par,1185,3020,0.718192627824019,1185,varies
par_mfcc_7_std,par,1185,3020,0.718192627824019,1185,varies
par_mfcc_7_skew,par,1185,3020,0.718192627824019,1185,varies
par_mfcc_7_kurtosis,par,1185,3020,0.718192627824019,1185,varies
par_delta_mfcc_7_mean,par,1185,3020,0.718192627824019,1185,varies
par_delta_mfcc_7_std,par,1185,3020,0.718192627824019,1185,varies
par_mfcc_8_mean,par,1185,3020,0.718192627824019,1185,varies
par_mfcc_8_std,par,1185,3020,0.718192627824019,1185,varies
par_mfcc_8_skew,par,1185,3020,0.718192627824019,1185,varies
par_mfcc_8_kurtosis,par,1185,3020,0.718192627824019,1185,varies
par_delta_mfcc_8_mean,par,1185,3020,0.718192627824019,1185,varies
par_delta_mfcc_8_std,par,1185,3020,0.718192627824019,1185,varies
par_mfcc_9_mean,par,1185,3020,0.718192627824019,1185,varies
par_mfcc_9_std,par,1185,3020,0.718192627824019,1185,varies
par_mfcc_9_skew,par,1185,3020,0.718192627824019,1185,varies
par_mfcc_9_kurtosis,par,1185,3020,0.718192627824019,1185,varies
par_delta_mfcc_9_mean,par,1185,3020,0.718192627824019,1185,varies
par_delta_mfcc_9_std,par,1185,3020,0.718192627824019,1185,varies
par_mfcc_10_mean,par,1185,3020,0.718192627824019,1185,varies
par_mfcc_10_std,par,1185,3020,0.718192627824019,1184,varies
par_mfcc_10_skew,par,1185,3020,0.718192627824019,1185,varies
par_mfcc_10_kurtosis,par,1185,3020,0.718192627824019,1185,varies
par_delta_mfcc_10_mean,par,1185,3020,0.718192627824019,1185,varies
par_delta_mfcc_10_std,par,1185,3020,0.718192627824019,1185,varies
par_mfcc_11_mean,par,1185,3020,0.718192627824019,1185,varies
par_mfcc_11_std,par,1185,3020,0.718192627824019,1185,varies
par_mfcc_11_skew,par,1185,3020,0.718192627824019,1185,varies
par_mfcc_11_kurtosis,par,1185,3020,0.718192627824019,1185,varies
par_delta_mfcc_11_mean,par,1185,3020,0.718192627824019,1185,varies
par_delta_mfcc_11_std,par,1185,3020,0.718192627824019,1185,varies
par_mfcc_12_mean,par,1185,3020,0.718192627824019,1185,varies
par_mfcc_12_std,par,1185,3020,0.718192627824019,1185,varies
par_mfcc_12_skew,par,1185,3020,0.718192627824019,1185,varies
par_mfcc_12_kurtosis,par,1185,3020,0.718192627824019,1185,varies
par_delta_mfcc_12_mean,par,1185,3020,0.718192627824019,1185,varies
par_delta_mfcc_12_std,par,1185,3020,0.718192627824019,1184,varies
par_mfcc_13_mean,par,1185,3020,0.718192627824019,1185,varies
par_mfcc_13_std,par,1185,3020,0.718192627824019,1185,varies
par_mfcc_13_skew,par,1185,3020,0.718192627824019,1185,varies
par_mfcc_13_kurtosis,par,1185,3020,0.718192627824019,1184,varies
par_delta_mfcc_13_mean,par,1185,3020,0.718192627824019,1185,varies
par_delta_mfcc_13_std,par,1185,3020,0.718192627824019,1185,varies
par_spectral_centroid_mean,par,1185,3020,0.718192627824019,1185,varies
par_spectral_centroid_std,par,1185,3020,0.718192627824019,1185,varies
par_spectral_centroid_skew,par,1185,3020,0.718192627824019,1185,varies
par_spectral_centroid_kurtosis,par,1185,3020,0.718192627824019,1185,varies
par_spectral_bandwidth_mean,par,1185,3020,0.718192627824019,1185,varies
par_spectral_bandwidth_std,par,1185,3020,0.718192627824019,1185,varies
par_spectral_bandwidth_skew,par,1185,3020,0.718192627824019,1185,varies
par_spectral_bandwidth_kurtosis,par,1185,3020,0.718192627824019,1185,varies
par_spectral_rolloff_mean,par,1185,3020,0.718192627824019,1185,varies
par_spectral_rolloff_std,par,1185,3020,0.718192627824019,1185,varies
par_spectral_rolloff_skew,par,1185,3020,0.718192627824019,1185,varies
par_spectral_rolloff_kurtosis,par,1185,3020,0.718192627824019,1185,varies
par_spectral_flatness_mean,par,1185,3020,0.718192627824019,1185,varies
par_spectral_flatness_std,par,1185,3020,0.718192627824019,1185,varies
par_spectral_flatness_skew,par,1185,3020,0.718192627824019,1185,varies
par_spectral_flatness_kurtosis,par,1185,3020,0.718192627824019,1185,varies
par_rms_mean,par,1185,3020,0.718192627824019,1185,varies
par_rms_std,par,1185,3020,0.718192627824019,1185,varies
par_rms_skew,par,1185,3020,0.718192627824019,1185,varies
par_rms_kurtosis,par,1185,3020,0.718192627824019,1185,varies
par_zcr_mean,par,1185,3020,0.718192627824019,1185,varies
par_zcr_std,par,1185,3020,0.718192627824019,1185,varies
par_zcr_skew,par,1185,3020,0.718192627824019,1185,varies
par_zcr_kurtosis,par,1185,3020,0.718192627824019,1185,varies
par_f0_mean,par,1185,3020,0.718192627824019,1185,varies
par_f0_std,par,1185,3020,0.718192627824019,1185,varies
par_f0_min,par,1185,3020,0.718192627824019,85,varies
par_f0_max,par,1185,3020,0.718192627824019,128,varies
par_f0_median,par,1185,3020,0.718192627824019,1175,varies
par_f0_q25,par,1185,3020,0.718192627824019,1129,varies
par_f0_q75,par,1185,3020,0.718192627824019,1185,varies
par_f0_iqr,par,1185,3020,0.718192627824019,1185,varies
par_nonzero_rms_ratio,par,1185,3020,0.718192627824019,104,varies
